口語名稱,交易日期,作物名稱,市場名稱,上價,中價,下價,平均價,交易量
高麗菜,115.08.25,甘藍-初秋,台北一,66.3,51.3,23.0,48.6,18065.0
高麗菜,115.08.25,甘藍-改良種,台北一,29.2,25.9,19.6,25.3,161468.0
高麗菜,115.08.25,甘藍-紫色,台北一,38.4,23.8,4.7,22.9,393.0
高麗菜,115.08.25,甘藍-甘藍心,台北一,185.0,177.4,165.0,176.4,126.0
高麗菜,115.08.25,甘藍-甘藍芽,台北一,30.0,30.0,30.0,30.0,90.0
高麗菜,115.08.25,甘藍-進口 初秋,台北一,43.0,29.1,24.0,30.8,8263.0
高麗菜,115.08.25,甘藍-進口 改良種,台北一,21.2,13.0,5.7,13.2,16237.0
高麗菜,115.08.25,甘藍-進口 紫色,台北一,8.0,8.0,8.0,8.0,50.0
高麗菜,115.08.24,休市,台北一,0.0,0.0,0.0,0.0,0.0
高麗菜,115.08.24,休市,台北一,0.0,0.0,0.0,0.0,0.0
高麗菜,115.08.23,甘藍-初秋,台北一,59.0,36.3,19.8,37.5,25331.0
高麗菜,115.08.23,甘藍-改良種,台北一,25.5,21.8,15.7,21.3,113165.0
高麗菜,115.08.23,甘藍-紫色,台北一,46.0,24.3,6.9,25.2,447.0
高麗菜,115.08.23,甘藍-進口 初秋,台北一,30.8,21.6,12.8,21.7,6015.0
高麗菜,115.08.23,甘藍-進口 改良種,台北一,21.0,14.7,10.0,15.0,4525.0
高麗菜,115.08.23,甘藍-進口 紫色,台北一,40.0,40.0,40.0,40.0,75.0
高麗菜,115.08.22,甘藍-初秋,台北一,68.2,35.5,24.4,39.8,23980.0
高麗菜,115.08.22,甘藍-改良種,台北一,24.1,18.8,12.9,18.7,128856.0
高麗菜,115.08.22,甘藍-紫色,台北一,50.0,20.5,10.0,24.3,327.0
高麗菜,115.08.22,甘藍-改良尖,台北一,14.0,14.0,14.0,14.0,440.0
高麗菜,115.08.22,甘藍-進口 初秋,台北一,33.4,26.6,15.0,25.6,7035.0
高麗菜,115.08.22,甘藍-進口 改良種,台北一,17.4,10.6,6.6,11.2,9906.0
高麗菜,115.08.22,甘藍-進口 紫色,台北一,35.0,35.0,35.0,35.0,75.0
高麗菜,115.08.21,甘藍-初秋,台北一,68.8,49.6,27.5,49.1,18125.0
高麗菜,115.08.21,甘藍-改良種,台北一,22.9,18.1,9.7,17.4,151409.0
高麗菜,115.08.21,甘藍-紫色,台北一,40.0,19.0,4.0,20.2,345.0
高麗菜,115.08.21,甘藍-甘藍心,台北一,170.0,170.0,170.0,170.0,30.0
高麗菜,115.08.21,甘藍-改良尖,台北一,15.0,15.0,15.0,15.0,720.0
高麗菜,115.08.21,甘藍-進口 初秋,台北一,31.2,24.5,14.5,23.8,6150.0
高麗菜,115.08.21,甘藍-進口 改良種,台北一,16.4,13.3,9.0,13.0,12846.0
高麗菜,115.08.21,甘藍-進口 紫色,台北一,12.0,12.0,12.0,12.0,18.0
高麗菜,115.08.20,甘藍-初秋,台北一,68.9,56.2,30.0,53.5,3530.0
高麗菜,115.08.20,甘藍-改良種,台北一,24.7,20.3,15.1,20.1,76193.0
高麗菜,115.08.20,甘藍-紫色,台北一,50.0,22.2,4.0,24.1,255.0
高麗菜,115.08.20,甘藍-甘藍心,台北一,130.0,130.0,130.0,130.0,72.0
高麗菜,115.08.20,甘藍-甘藍芽,台北一,20.0,20.0,18.5,19.7,102.0
高麗菜,115.08.20,甘藍-進口 初秋,台北一,39.7,24.9,19.7,26.8,3857.0
高麗菜,115.08.20,甘藍-進口 改良種,台北一,15.0,14.4,11.1,13.8,5160.0
高麗菜,115.08.20,甘藍-進口 紫色,台北一,28.0,28.0,28.0,28.0,90.0
青江菜,115.08.25,青江白菜-小梗,台北一,61.1,37.0,26.3,39.7,14123.0
青江菜,115.08.24,休市,台北一,0.0,0.0,0.0,0.0,0.0
青江菜,115.08.24,休市,台北一,0.0,0.0,0.0,0.0,0.0
青江菜,115.08.23,青江白菜-小梗,台北一,38.1,20.2,7.1,21.2,17676.0
青江菜,115.08.22,青江白菜-小梗,台北一,33.2,18.0,6.4,18.7,17873.0
青江菜,115.08.21,青江白菜-小梗,台北一,36.9,16.2,6.3,18.3,15822.0
青江菜,115.08.21,青江白菜-大梗,台北一,13.9,12.0,12.0,12.4,160.0
青江菜,115.08.20,青江白菜-小梗,台北一,39.7,19.1,7.7,21.0,9563.0
小白菜,115.08.25,小白菜-其他,台北一,33.0,30.2,28.0,30.3,480.0
小白菜,115.08.25,小白菜-土白菜,台北一,40.5,32.8,17.7,31.3,4512.0
小白菜,115.08.25,小白菜-蚵仔白,台北一,52.1,30.7,15.7,32.0,22710.0
小白菜,115.08.25,小白菜-奶油白,台北一,165.0,112.3,33.6,107.1,304.0
小白菜,115.08.24,休市,台北一,0.0,0.0,0.0,0.0,0.0
小白菜,115.08.24,休市,台北一,0.0,0.0,0.0,0.0,0.0
小白菜,115.08.23,小白菜-土白菜,台北一,35.5,19.7,7.8,20.5,4678.0
小白菜,115.08.23,小白菜-蚵仔白,台北一,34.6,26.0,13.0,25.1,19119.0
小白菜,115.08.23,小白菜-奶油白,台北一,87.6,15.8,10.5,29.1,1396.0
小白菜,115.08.22,小白菜-其他,台北一,7.0,6.7,6.0,6.6,480.0
小白菜,115.08.22,小白菜-土白菜,台北一,39.5,27.7,12.2,27.0,2643.0
小白菜,115.08.22,小白菜-蚵仔白,台北一,30.4,16.6,7.2,17.5,20067.0
小白菜,115.08.22,小白菜-奶油白,台北一,72.8,22.5,14.4,31.0,1464.0
小白菜,115.08.21,小白菜-其他,台北一,9.0,8.0,7.0,8.0,120.0
小白菜,115.08.21,小白菜-土白菜,台北一,30.4,16.5,5.0,17.0,2790.0
小白菜,115.08.21,小白菜-蚵仔白,台北一,27.9,15.1,6.4,15.9,21883.0
小白菜,115.08.21,小白菜-奶油白,台北一,53.0,32.8,15.7,33.4,1203.0
小白菜,115.08.20,小白菜-其他,台北一,7.0,6.4,6.0,6.4,240.0
小白菜,115.08.20,小白菜-土白菜,台北一,40.0,29.5,16.4,29.0,2400.0
小白菜,115.08.20,小白菜-蚵仔白,台北一,36.0,20.7,9.8,21.6,14148.0
小白菜,115.08.20,小白菜-奶油白,台北一,47.1,31.9,18.5,32.2,491.0
菠菜,115.08.25,菠菜-角葉,台北一,300.8,257.2,208.1,256.1,380.0
菠菜,115.08.24,休市,台北一,0.0,0.0,0.0,0.0,0.0
菠菜,115.08.24,休市,台北一,0.0,0.0,0.0,0.0,0.0
菠菜,115.08.23,菠菜-角葉,台北一,229.4,80.3,19.3,98.0,1260.0
菠菜,115.08.22,菠菜-角葉,台北一,233.1,121.4,49.6,129.4,1300.0
菠菜,115.08.21,菠菜-角葉,台北一,257.7,64.8,25.2,95.5,1518.0
菠菜,115.08.20,菠菜-角葉,台北一,101.6,56.0,19.0,57.7,980.0
空心菜,115.08.25,蕹菜-小葉,台北一,68.7,47.3,30.8,48.3,12419.0
空心菜,115.08.25,蕹菜-水蕹菜,台北一,91.6,73.5,54.0,73.2,2425.0
空心菜,115.08.24,休市,台北一,0.0,0.0,0.0,0.0,0.0
空心菜,115.08.24,休市,台北一,0.0,0.0,0.0,0.0,0.0
空心菜,115.08.23,蕹菜-小葉,台北一,43.5,31.0,15.4,30.4,14616.0
空心菜,115.08.23,蕹菜-水蕹菜,台北一,72.2,69.7,57.8,67.8,1673.0
空心菜,115.08.22,蕹菜-小葉,台北一,34.6,22.0,13.5,22.9,16711.0
空心菜,115.08.22,蕹菜-水蕹菜,台北一,80.0,71.9,42.2,67.6,1702.0
空心菜,115.08.21,蕹菜-小葉,台北一,32.9,24.1,16.2,24.3,14528.0
空心菜,115.08.21,蕹菜-水蕹菜,台北一,70.0,62.4,39.6,59.4,1486.0
空心菜,115.08.20,蕹菜-小葉,台北一,41.8,22.6,10.2,24.0,13603.0
空心菜,115.08.20,蕹菜-水蕹菜,台北一,55.0,49.3,32.3,47.0,1388.0
花椰菜,115.08.25,花椰菜-青梗,台北一,135.0,53.1,12.6,61.3,4658.0
花椰菜,115.08.24,休市,台北一,0.0,0.0,0.0,0.0,0.0
花椰菜,115.08.24,休市,台北一,0.0,0.0,0.0,0.0,0.0
花椰菜,115.08.23,花椰菜-青梗,台北一,124.2,62.3,26.7,67.5,2826.0
花椰菜,115.08.23,花椰菜-進口,台北一,75.0,70.8,65.0,70.5,189.0
花椰菜,115.08.22,花椰菜-青梗,台北一,203.4,89.0,23.6,98.8,1431.0
花椰菜,115.08.22,花椰菜-進口,台北一,75.0,75.0,72.0,74.4,195.0
花椰菜,115.08.21,花椰菜-青梗,台北一,148.0,77.8,30.0,82.3,2198.0
花椰菜,115.08.21,花椰菜-進口,台北一,75.0,75.0,75.0,75.0,195.0
花椰菜,115.08.20,花椰菜-青梗,台北一,98.0,53.0,12.7,53.9,456.0
花椰菜,115.08.20,花椰菜-進口,台北一,70.0,70.0,70.0,70.0,130.0
絲瓜,115.08.25,絲瓜-其他,台北一,71.6,44.4,25.2,46.0,2301.0
絲瓜,115.08.25,絲瓜,台北一,85.4,52.0,25.3,53.3,26232.0
絲瓜,115.08.25,絲瓜-角瓜,台北一,81.7,56.4,35.8,57.3,1574.0
絲瓜,115.08.25,絲瓜-長絲瓜,台北一,36.0,29.0,23.0,29.2,44.0
絲瓜,115.08.24,休市,台北一,0.0,0.0,0.0,0.0,0.0
絲瓜,115.08.24,休市,台北一,0.0,0.0,0.0,0.0,0.0
絲瓜,115.08.23,絲瓜-其他,台北一,74.7,48.5,30.3,50.1,1290.0
絲瓜,115.08.23,絲瓜,台北一,72.3,47.0,23.6,47.4,20397.0
絲瓜,115.08.23,絲瓜-角瓜,台北一,61.2,51.8,37.0,50.7,1168.0
絲瓜,115.08.23,絲瓜-長絲瓜,台北一,40.0,40.0,40.0,40.0,22.0
絲瓜,115.08.22,絲瓜-其他,台北一,71.4,32.6,18.8,37.6,1472.0
絲瓜,115.08.22,絲瓜,台北一,73.8,47.4,18.8,47.0,16781.0
絲瓜,115.08.22,絲瓜-角瓜,台北一,85.0,68.1,45.8,67.0,813.0
絲瓜,115.08.22,絲瓜-長絲瓜,台北一,40.0,40.0,40.0,40.0,22.0
絲瓜,115.08.21,絲瓜-其他,台北一,62.7,33.2,18.5,36.2,1547.0
絲瓜,115.08.21,絲瓜,台北一,62.3,35.6,16.2,37.1,17711.0
絲瓜,115.08.21,絲瓜-角瓜,台北一,70.1,63.0,36.6,59.1,738.0
絲瓜,115.08.21,絲瓜-長絲瓜,台北一,40.0,36.2,31.0,35.9,42.0
絲瓜,115.08.20,絲瓜-其他,台北一,35.3,27.0,17.8,26.8,1687.0
絲瓜,115.08.20,絲瓜,台北一,46.9,30.2,13.6,30.2,18261.0
絲瓜,115.08.20,絲瓜-角瓜,台北一,49.1,45.0,39.1,44.6,872.0
苦瓜,115.08.25,苦瓜-其他,台北一,76.8,54.4,33.8,54.8,5420.0
苦瓜,115.08.25,苦瓜-白大米,台北一,109.6,64.8,32.5,67.3,13822.0
苦瓜,115.08.25,苦瓜-山苦瓜,台北一,60.0,60.0,60.0,60.0,48.0
苦瓜,115.08.25,苦瓜-翠綠,台北一,68.5,46.1,29.9,47.3,1380.0
苦瓜,115.08.24,休市,台北一,0.0,0.0,0.0,0.0,0.0
苦瓜,115.08.24,休市,台北一,0.0,0.0,0.0,0.0,0.0
苦瓜,115.08.23,苦瓜-其他,台北一,62.8,49.7,26.2,47.6,4652.0
苦瓜,115.08.23,苦瓜-白大米,台北一,93.4,59.5,24.5,59.3,13535.0
苦瓜,115.08.23,苦瓜-山苦瓜,台北一,78.0,70.0,32.0,64.0,70.0
苦瓜,115.08.23,苦瓜-翠綠,台北一,59.6,41.6,26.9,42.3,1307.0
苦瓜,115.08.22,苦瓜-其他,台北一,64.8,49.1,30.2,48.5,3811.0
苦瓜,115.08.22,苦瓜-白大米,台北一,102.7,57.9,31.3,61.5,10507.0
苦瓜,115.08.22,苦瓜-山苦瓜,台北一,72.7,50.6,35.0,51.9,110.0
苦瓜,115.08.22,苦瓜-翠綠,台北一,65.9,47.3,31.0,47.8,1309.0
苦瓜,115.08.21,苦瓜-其他,台北一,60.4,46.8,28.0,45.8,3949.0
苦瓜,115.08.21,苦瓜-白大米,台北一,91.8,53.4,21.9,54.8,11171.0
苦瓜,115.08.21,苦瓜-山苦瓜,台北一,75.0,55.3,37.0,55.6,112.0
苦瓜,115.08.21,苦瓜-翠綠,台北一,63.5,43.1,24.5,43.4,750.0
苦瓜,115.08.20,苦瓜-其他,台北一,49.9,39.0,24.9,38.4,2365.0
苦瓜,115.08.20,苦瓜-白大米,台北一,71.0,43.8,18.5,44.2,7856.0
苦瓜,115.08.20,苦瓜-山苦瓜,台北一,70.0,63.7,30.0,58.2,68.0
苦瓜,115.08.20,苦瓜-翠綠,台北一,39.2,27.9,18.9,28.4,996.0
茄子,115.08.25,茄子-其他,台北一,58.2,44.9,24.3,43.5,188.0
茄子,115.08.25,茄子-麻荸茄,台北一,76.0,47.8,26.0,49.1,18548.0
茄子,115.08.25,茄子-日本種,台北一,56.5,20.4,12.0,26.0,579.0
茄子,115.08.24,休市,台北一,0.0,0.0,0.0,0.0,0.0
茄子,115.08.24,休市,台北一,0.0,0.0,0.0,0.0,0.0
茄子,115.08.23,茄子-其他,台北一,48.8,41.3,11.0,36.7,171.0
茄子,115.08.23,茄子-麻荸茄,台北一,72.4,47.1,26.7,48.1,14175.0
茄子,115.08.23,茄子-日本種,台北一,71.9,29.3,11.3,34.2,597.0
茄子,115.08.22,茄子-其他,台北一,50.0,42.1,18.4,39.0,245.0
茄子,115.08.22,茄子-麻荸茄,台北一,72.8,38.8,21.4,42.1,14296.0
茄子,115.08.22,茄子-日本種,台北一,75.7,18.9,3.6,27.2,933.0
茄子,115.08.21,茄子-其他,台北一,70.0,31.5,25.0,37.9,77.0
茄子,115.08.21,茄子-麻荸茄,台北一,63.8,39.2,19.8,40.3,12828.0
茄子,115.08.21,茄子-日本種,台北一,78.5,14.5,5.4,25.5,463.0
茄子,115.08.20,茄子-其他,台北一,60.0,47.1,19.0,44.1,82.0
茄子,115.08.20,茄子-麻荸茄,台北一,49.7,29.3,18.9,31.3,11331.0
茄子,115.08.20,茄子-日本種,台北一,32.5,16.2,10.4,18.3,254.0
洋蔥,115.08.25,洋蔥-本產,台北一,30.9,24.7,15.0,24.0,6658.0
洋蔥,115.08.25,洋蔥-進口,台北一,36.3,32.6,13.0,29.4,2452.0
洋蔥,115.08.24,休市,台北一,0.0,0.0,0.0,0.0,0.0
洋蔥,115.08.24,休市,台北一,0.0,0.0,0.0,0.0,0.0
洋蔥,115.08.23,洋蔥-本產,台北一,27.5,24.7,19.3,24.2,5619.0
洋蔥,115.08.23,洋蔥-進口,台北一,35.1,30.5,12.6,27.9,2640.0
洋蔥,115.08.22,洋蔥-本產,台北一,30.5,26.1,21.7,26.1,6022.0
洋蔥,115.08.22,洋蔥-進口,台北一,35.8,28.0,20.2,28.0,3092.0
洋蔥,115.08.21,洋蔥-本產,台北一,31.8,23.4,15.0,23.4,5775.0
洋蔥,115.08.21,洋蔥-進口,台北一,36.3,31.4,14.5,29.0,2318.0
洋蔥,115.08.20,洋蔥-本產,台北一,25.9,22.0,15.5,21.5,5271.0
洋蔥,115.08.20,洋蔥-進口,台北一,33.2,30.7,18.6,28.8,1916.0
紅蘿蔔,115.08.25,胡蘿蔔-未洗,台北一,24.0,16.3,14.6,17.5,3665.0
紅蘿蔔,115.08.25,胡蘿蔔-清洗,台北一,27.4,16.8,10.0,17.6,31450.0
紅蘿蔔,115.08.24,休市,台北一,0.0,0.0,0.0,0.0,0.0
紅蘿蔔,115.08.24,休市,台北一,0.0,0.0,0.0,0.0,0.0
紅蘿蔔,115.08.23,胡蘿蔔-未洗,台北一,21.1,15.0,12.0,15.6,2864.0
紅蘿蔔,115.08.23,胡蘿蔔-清洗,台北一,23.1,17.5,10.8,17.3,25670.0
紅蘿蔔,115.08.22,胡蘿蔔-未洗,台北一,19.1,15.0,13.8,15.6,2939.0
紅蘿蔔,115.08.22,胡蘿蔔-清洗,台北一,25.2,19.1,12.6,19.0,23950.0
紅蘿蔔,115.08.21,胡蘿蔔-未洗,台北一,20.2,14.5,10.2,14.8,2571.0
紅蘿蔔,115.08.21,胡蘿蔔-清洗,台北一,25.5,19.0,11.3,18.8,23280.0
紅蘿蔔,115.08.20,胡蘿蔔-未洗,台北一,15.0,10.8,10.0,11.4,1866.0
紅蘿蔔,115.08.20,胡蘿蔔-清洗,台北一,21.6,16.6,11.8,16.6,6490.0
白蘿蔔,115.08.25,蘿蔔乾,台北一,33.0,33.0,33.0,33.0,372.0
白蘿蔔,115.08.25,蘿蔔-矸仔,台北一,32.0,17.7,15.0,20.0,3325.0
白蘿蔔,115.08.25,蘿蔔-櫻桃,台北一,270.0,173.0,150.0,187.8,90.0
白蘿蔔,115.08.25,蘿蔔-甜菜根,台北一,75.0,54.3,40.0,55.6,135.0
白蘿蔔,115.08.25,蘿蔔-進口,台北一,31.8,29.9,24.2,29.1,34280.0
白蘿蔔,115.08.25,胡蘿蔔-未洗,台北一,24.0,16.3,14.6,17.5,3665.0
白蘿蔔,115.08.25,胡蘿蔔-清洗,台北一,27.4,16.8,10.0,17.6,31450.0
白蘿蔔,115.08.24,休市,台北一,0.0,0.0,0.0,0.0,0.0
白蘿蔔,115.08.24,休市,台北一,0.0,0.0,0.0,0.0,0.0
白蘿蔔,115.08.23,蘿蔔乾,台北一,33.0,33.0,33.0,33.0,96.0
白蘿蔔,115.08.23,蘿蔔-矸仔,台北一,25.0,18.4,14.0,18.9,2000.0
白蘿蔔,115.08.23,蘿蔔-甜菜根,台北一,40.0,37.1,5.0,31.2,160.0
白蘿蔔,115.08.23,蘿蔔-進口,台北一,27.3,26.1,19.8,25.1,45020.0
白蘿蔔,115.08.23,胡蘿蔔-未洗,台北一,21.1,15.0,12.0,15.6,2864.0
白蘿蔔,115.08.23,胡蘿蔔-清洗,台北一,23.1,17.5,10.8,17.3,25670.0
白蘿蔔,115.08.22,蘿蔔乾,台北一,33.0,33.0,33.0,33.0,132.0
白蘿蔔,115.08.22,蘿蔔-矸仔,台北一,29.3,20.2,15.0,21.0,3525.0
白蘿蔔,115.08.22,蘿蔔-櫻桃,台北一,170.1,81.5,50.0,92.9,57.0
白蘿蔔,115.08.22,蘿蔔-甜菜根,台北一,58.0,51.1,40.0,50.3,70.0
白蘿蔔,115.08.22,蘿蔔-進口,台北一,35.0,30.2,27.8,30.6,15120.0
白蘿蔔,115.08.22,胡蘿蔔-未洗,台北一,19.1,15.0,13.8,15.6,2939.0
白蘿蔔,115.08.22,胡蘿蔔-清洗,台北一,25.2,19.1,12.6,19.0,23950.0
白蘿蔔,115.08.21,蘿蔔-矸仔,台北一,32.0,31.4,21.1,29.5,800.0
白蘿蔔,115.08.21,蘿蔔-櫻桃,台北一,120.0,112.7,60.6,103.8,80.0
白蘿蔔,115.08.21,蘿蔔-甜菜根,台北一,40.0,40.0,40.0,40.0,100.0
白蘿蔔,115.08.21,蘿蔔-進口,台北一,30.5,28.9,18.8,27.2,19595.0
白蘿蔔,115.08.21,胡蘿蔔-未洗,台北一,20.2,14.5,10.2,14.8,2571.0
白蘿蔔,115.08.21,胡蘿蔔-清洗,台北一,25.5,19.0,11.3,18.8,23280.0
白蘿蔔,115.08.20,蘿蔔乾,台北一,33.0,33.0,33.0,33.0,552.0
白蘿蔔,115.08.20,蘿蔔-矸仔,台北一,13.0,12.0,12.0,12.2,700.0
白蘿蔔,115.08.20,蘿蔔-櫻桃,台北一,75.0,75.0,45.0,69.0,50.0
白蘿蔔,115.08.20,蘿蔔-甜菜根,台北一,50.0,50.0,50.0,50.0,40.0
白蘿蔔,115.08.20,蘿蔔-進口,台北一,28.0,26.0,23.2,25.9,5740.0
白蘿蔔,115.08.20,胡蘿蔔-未洗,台北一,15.0,10.8,10.0,11.4,1866.0
白蘿蔔,115.08.20,胡蘿蔔-清洗,台北一,21.6,16.6,11.8,16.6,6490.0
青蔥,115.08.25,青蔥-日蔥,台北一,150.4,117.1,85.0,117.4,2661.0
青蔥,115.08.25,青蔥-北蔥,台北一,62.0,49.8,36.0,49.5,2643.0
青蔥,115.08.25,青蔥-紅蔥頭,台北一,100.0,100.0,100.0,100.0,198.0
青蔥,115.08.25,青蔥-粉蔥,台北一,84.4,73.3,56.4,72.1,15985.0
青蔥,115.08.24,休市,台北一,0.0,0.0,0.0,0.0,0.0
青蔥,115.08.24,休市,台北一,0.0,0.0,0.0,0.0,0.0
青蔥,115.08.23,青蔥-日蔥,台北一,136.7,105.7,77.6,106.2,2083.0
青蔥,115.08.23,青蔥-北蔥,台北一,44.5,35.0,24.2,34.7,2892.0
青蔥,115.08.23,青蔥-大蔥,台北一,100.0,100.0,100.0,100.0,6.0
青蔥,115.08.23,青蔥-紅蔥頭,台北一,100.0,100.0,100.0,100.0,114.0
青蔥,115.08.23,青蔥-粉蔥,台北一,73.3,57.4,44.0,57.9,13037.0
青蔥,115.08.22,青蔥-日蔥,台北一,135.5,98.6,72.2,100.7,2241.0
青蔥,115.08.22,青蔥-北蔥,台北一,38.3,31.6,23.4,31.3,2817.0
青蔥,115.08.22,青蔥-大蔥,台北一,100.0,100.0,100.0,100.0,20.0
青蔥,115.08.22,青蔥-紅蔥頭,台北一,100.0,98.6,79.5,95.1,167.0
青蔥,115.08.22,青蔥-粉蔥,台北一,64.1,52.6,40.0,52.4,15652.0
青蔥,115.08.21,青蔥-日蔥,台北一,133.0,93.9,70.4,97.0,2253.0
青蔥,115.08.21,青蔥-北蔥,台北一,32.3,27.7,17.3,26.5,3786.0
青蔥,115.08.21,青蔥-大蔥,台北一,100.0,100.0,100.0,100.0,28.0
青蔥,115.08.21,青蔥-紅蔥頭,台北一,110.0,104.2,100.0,104.6,66.0
青蔥,115.08.21,青蔥-粉蔥,台北一,67.3,52.6,38.1,52.6,16537.0
青蔥,115.08.20,青蔥-日蔥,台北一,143.6,108.3,84.7,110.7,570.0
青蔥,115.08.20,青蔥-北蔥,台北一,44.8,39.1,28.6,38.1,2063.0
青蔥,115.08.20,青蔥-紅蔥頭,台北一,100.0,100.0,100.0,100.0,126.0
青蔥,115.08.20,青蔥-粉蔥,台北一,73.1,52.7,35.3,53.3,4487.0
